id,revenue
3001,160129518.584
3002,11599633.58
3003,23932560.18
3004,27016439.916
3005,4426666.648
3006,15899577.528
3007,24010577.072
3008,18486810.608
3009,30106401.976
3010,270131858.124
3011,2473106.632
3012,10631896.26
3013,36733010.76
3014,966118.884
3015,25461022.356
3016,828160.224
3017,73165870.352
3018,379359626.008
3019,49945310.28
3020,750982406.216
3021,35042815.612
3022,62859733.976
3023,6674711.688
3024,22103442.496
3025,82597014.764
3026,54300353.688
3027,5049841.68
3028,104885970.784
3029,767575.056
3030,22635317.48
3031,30334951.272
3032,9618433.108
3033,5172212.572
3034,969582.216
3035,5770472.032
3036,26126397.088
3037,54605041.98
3038,50753363.96
3039,30012959.308
3040,12221604.608
3041,5893016.432
3042,9076742.428
3043,2367848.22
3044,6807085.448
3045,512744199.996
3046,17199989.08
3047,33805609.26
3048,23283169.76
3049,31535342.072
3050,40380855.784
3051,2786609.68
3052,6412068.356
3053,1413996.016
3054,13470118.192
3055,40656338.98
3056,2224329.74
3057,60031136.412
3058,734763210.124
3059,7897117.996
3060,116421971.088
3061,52039508.532
3062,167466910.972
3063,55561567.532
3064,224198072.3
3065,20450364.876
3066,86591050.532
3067,8322090.748
3068,36122182.288
3069,454964374.972
3070,28487730.256
3071,21896923.94
3072,622627699.376
3073,21768910.076
3074,4253259.704
3075,28491505.572
3076,202634847.712
3077,27776806.252
3078,141905794.816
3079,28132891.312
3080,44500839.86
3081,26450304.556
3082,115347494.848
3083,9135457.024
3084,2589748.424
3085,17914589.08
3086,64532453.46
3087,5142077.74
3088,3810679.7
3089,1339857.344
3090,26290431.204
3091,24204530.812
3092,21222025.032
3093,213795503.008
3094,65592991.668
3095,38178214.64
3096,6524729.06
3097,792899163.436
3098,17459519.328
3099,80069594.092
3100,30174486.364
3101,28925038.564
3102,2842533.528
3103,3047844.44
3104,4550988.14
3105,247637387.364
3106,269388753.528
3107,22737963.632
3108,11983503.74
3109,33862923.32
3110,561435595.836
3111,11643981.268
3112,4479608.152
3113,7573213.604
3114,43759139.016
3115,43841983.092
3116,13917664.904
3117,10654497.896
3118,25813007.924
3119,202133750.072
3120,318616848.98
3121,8196177.208
3122,19848902.304
3123,19608286.016
3124,6023456.24
3125,7650090.612
3126,27038367.668
3127,9876272.584
3128,18708646.0
3129,206427008.992
3130,9190041.088
3131,11054522.608
3132,13540611.252
3133,7136097.208
3134,25288335.78
3135,5759442.836
3136,5153144.08
3137,221575011.012
3138,1579596.184
3139,31437742.312
3140,83002028.02
3141,23733006.32
3142,5358131.184
3143,155284777.284
3144,7660778.408
3145,180111348.028
3146,7862670.136
3147,32579143.316
3148,5074458.76
3149,28371672.456
3150,76282105.836
3151,3734844.0
3152,14340711.82
3153,32281415.252
3154,14939185.08
3155,29875275.828
3156,11028744.672
3157,43916814.852
3158,141903339.268
3159,20837773.684
3160,11378064.596
3161,26521883.8
3162,101361406.684
3163,60987125.628
3164,6553720.604
3165,9395612.756
3166,31614575.124
3167,49915464.112
3168,8152319.532
3169,114020393.996
3170,54552295.448
3171,85790381.048
3172,19100214.772
3173,1793766.204
3174,3936992.956
3175,17606199.868
3176,12491420.652
3177,36124082.744
3178,16422612.312
3179,5942470.632
3180,25083361.324
3181,3439409.972
3182,142584549.648
3183,17449165.724
3184,15073766.804
3185,136413856.62
3186,29508798.548
3187,12820448.6
3188,17995119.46
3189,119002671.572
3190,34221850.356
3191,6074375.932
3192,20459077.724
3193,194536852.524
3194,89394464.376
3195,1087767.948
3196,32824523.4
3197,82018253.164
3198,160335216.592
3199,306095581.34
3200,10383821.724
3201,69730203.408
3202,18183368.096
3203,67486701.02
3204,4531251.132
3205,17356723.412
3206,44411802.172
3207,56944615.24
3208,17342535.284
3209,7891280.964
3210,684266964.648
3211,2377415.124
3212,60101208.9
3213,58813577.364
3214,16638907.988
3215,5031109.444
3216,2738437.668
3217,310270718.36
3218,19749142.316
3219,2113841.832
3220,190192397.8
3221,19884342.396
3222,5486931.0
3223,27783609.484
3224,8836400.26
3225,13559280.384
3226,5436450.388
3227,91984631.18
3228,379539116.24
3229,202122238.284
3230,7979860.388
3231,19728033.736
3232,52038414.388
3233,5356002.248
3234,9201803.368
3235,53303583.748
3236,1778624.248
3237,10486914.436
3238,2542072.66
3239,4275347.584
3240,421794966.752
3241,14985244.228
3242,11331323.66
3243,14940560.732
3244,7582182.932
3245,9907662.64
3246,22884159.168
3247,37093841.34
3248,73029998.712
3249,32362760.16
3250,335802618.98
3251,36459524.636
3252,21750577.988
3253,56389864.316
3254,5361607.8
3255,1765608.888
3256,37080858.512
3257,26694091.812
3258,39077492.552
3259,18412244.032
3260,3999211.472
3261,522814824.676
3262,66289761.372
3263,11616580.336
3264,5061401.984
3265,1735275.308
3266,2533988.74
3267,33092963.204
3268,349464.108
3269,34945780.952
3270,109420052.028
3271,15593787.992
3272,7807608.176
3273,16047495.6
3274,303340640.348
3275,51529692.668
3276,11935029.82
3277,15672545.068
3278,71015711.024
3279,38471461.08
3280,603190768.208
3281,4522829.548
3282,6275954.064
3283,427720589.128
3284,37313364.1
3285,39490500.296
3286,8166535.88
3287,28471425.008
3288,19781102.704
3289,57320654.032
3290,150849588.172
3291,58648298.128
3292,187859259.988
3293,26445163.516
3294,13690400.288
3295,20886017.764
3296,7941064.0
3297,7963747.108
3298,41954182.056
3299,6500206.328
3300,19092404.152
3301,5149819.26
3302,25624733.064
3303,16275468.48
3304,16467509.368
3305,23108468.02
3306,1053198.96
3307,53175228.408
3308,12422251.252
3309,6851203.668
3310,5611524.896
3311,65713310.212
3312,29656087.876
3313,23544423.384
3314,15050290.356
3315,67535732.872
3316,12112361.228
3317,4720027.028
3318,12651441.024
3319,11267949.848
3320,8245185.352
3321,12650339.092
3322,9526225.096
3323,201888742.268
3324,13467590.92
3325,124450183.872
3326,255460844.412
3327,27153255.592
3328,5385270.624
3329,9173698.052
3330,151035526.996
3331,27382132.48
3332,24061616.556
3333,289281185.392
3334,8269364.244
3335,30611557.44
3336,13434573.256
3337,2167299.064
3338,10517397.196
3339,3400861.168
3340,123769085.36
3341,14803445.668
3342,49735670.908
3343,78625506.652
3344,3880645.5
3345,11521140.824
3346,16987668.036
3347,1255250.604
3348,56715947.74
3349,82838188.132
3350,169699778.58
3351,60785146.564
3352,19460479.064
3353,54773107.328
3354,7425850.172
3355,8110300.744
3356,15009680.828
3357,5689593.356
3358,19570283.568
3359,38109026.036
3360,30461480.268
3361,137940175.532
3362,9995049.404
3363,19999327.936
3364,34031923.052
3365,1287630.172
3366,139579143.384
3367,148971727.016
3368,5924951.712
3369,30557176.676
3370,62451514.108
3371,24498716.372
3372,39193303.988
3373,76522852.5
3374,20248619.136
3375,53863945.048
3376,5042186.62
3377,22400445.844
3378,25419880.044
3379,258201124.24
3380,73375327.392
3381,58073979.396
3382,2002043.448
3383,26006263.748
3384,38842568.824
3385,74211119.252
3386,6812768.732
3387,4235530.408
3388,172124964.672
3389,779744207.012
3390,17706991.632
3391,10583448.272
3392,16775923.276
3393,8995439.264
3394,125422336.168
3395,129843505.208
3396,15529466.128
3397,1001225.776
3398,368835199.712
3399,95449202.488
3400,3338262.116
3401,4231317.04
3402,1971895.108
3403,192879958.376
3404,21374013.996
3405,3219623.772
3406,285032841.68
3407,577705453.448
3408,24862140.632
3409,4172866.428
3410,9578178.312
3411,53777231.748
3412,15301691.576
3413,81983009.024
3414,3053319.772
3415,33040422.744
3416,219512346.556
3417,42989852.252
3418,56163279.3
3419,550141300.024
3420,10917728.276
3421,8349172.968
3422,14158675.756
3423,386491389.904
3424,5435544.436
3425,3663554.696
3426,43506467.836
3427,14753281.38
3428,6307320.256
3429,49245633.6
3430,640250001.176
3431,5851982.948
3432,6325548.612
3433,18080990.412
3434,19622874.256
3435,487918479.98
3436,267025843.808
3437,12450594.116
3438,8528816.792
3439,141479387.084
3440,20535158.58
3441,113910533.712
3442,16077286.34
3443,9910500.576
3444,3183692.068
3445,50250170.988
3446,1413369.044
3447,40772340.636
3448,43479438.128
3449,14370134.768
3450,47470599.556
3451,53907230.056
3452,8570688.144
3453,45094055.448
3454,27526639.532
3455,6301620.532
3456,86333620.852
3457,44175639.768
3458,29686776.44
3459,795723565.416
3460,18221329.124
3461,17451457.576
3462,29533228.308
3463,41603776.82
3464,3277342.848
3465,47920172.7
3466,52375027.8
3467,20177999.544
3468,93669409.864
3469,15551873.464
3470,2849741.444
3471,33178109.668
3472,4676088.776
3473,85197066.26
3474,45410753.812
3475,397073315.216
3476,7967463.076
3477,27600537.604
3478,8023870.208
3479,263123878.676
3480,3754662.056
3481,5745548.76
3482,5638924.828
3483,7562831.256
3484,7893893.38
3485,112730206.852
3486,164882599.456
3487,51213507.116
3488,93538451.608
3489,17046247.556
3490,17088918.232
3491,17006166.82
3492,9116808.096
3493,46741592.868
3494,13065864.148
3495,60775099.064
3496,7408751.848
3497,76816100.032
3498,3984791.52
3499,21332778.572
3500,5727878.024
3501,121086166.84
3502,39218945.276
3503,43513795.896
3504,80051909.64
3505,5914235.724
3506,97901243.208
3507,388356376.96
3508,14348932.892
3509,19148620.852
3510,17622718.768
3511,70242611.24
3512,290484542.476
3513,14947176.948
3514,20099698.712
3515,2315975.244
3516,54943331.86
3517,755623446.304
3518,17824522.096
3519,8610983.112
3520,53392460.824
3521,6805866.204
3522,15619013.756
3523,37570656.408
3524,71994085.392
3525,197926296.692
3526,226623657.572
3527,35728767.96
3528,16447292.44
3529,640594633.216
3530,44189406.028
3531,100940284.904
3532,60502514.736
3533,21928230.228
3534,37511024.644
3535,228322223.472
3536,18902403.276
3537,98015272.892
3538,58190110.076
3539,25232086.788
3540,22779766.704
3541,13303691.28
3542,12335446.9
3543,54073398.46
3544,9035580.944
3545,1813583.352
3546,13230690.792
3547,252218965.972
3548,505912833.332
3549,4406925.064
3550,483706531.08
3551,126985625.896
3552,79220495.8
3553,28302147.92
3554,280233757.928
3555,195397906.448
3556,97833565.208
3557,4904059.644
3558,264535390.328
3559,29011643.984
3560,10928994.176
3561,47425267.66
3562,4437489.864
3563,6422130.508
3564,6062294.592
3565,15534336.032
3566,25982623.836
3567,12751327.616
3568,3981647.332
3569,93420500.844
3570,3545851.372
3571,19215548.26
3572,198565082.716
3573,6409770.74
3574,15182714.776
3575,10900203.548
3576,18929923.892
3577,23333828.06
3578,95066088.728
3579,38228861.152
3580,35586444.164
3581,45560254.508
3582,87600464.532
3583,2607197.78
3584,14353271.656
3585,59004935.384
3586,32269923.836
3587,291239497.816
3588,10133021.916
3589,16154068.3
3590,83884275.696
3591,593909447.276
3592,10347397.712
3593,7512062.972
3594,16628141.852
3595,4246685.4
3596,15560764.376
3597,17868892.184
3598,52309928.468
3599,17086247.504
3600,6275893.668
3601,1683649.924
3602,4380530.8
3603,13410596.516
3604,6781146.744
3605,18524094.556
3606,231780371.804
3607,61863246.908
3608,237409702.7
3609,2786656.26
3610,24882721.564
3611,56210600.344
3612,8370889.192
3613,19251812.768
3614,105969658.736
3615,65293974.212
3616,55355227.244
3617,43947044.656
3618,40294987.368
3619,1481667.24
3620,96595540.048
3621,628024430.448
3622,264413919.596
3623,182499811.108
3624,10010933.776
3625,15133499.084
3626,10896618.668
3627,32768440.472
3628,389703487.772
3629,4288122.656
3630,1497493.356
3631,130530602.36
3632,42952591.812
3633,56438412.64
3634,4749568.428
3635,1496281.116
3636,13838309.12
3637,3361362.804
3638,12987639.952
3639,200717612.072
3640,654483122.968
3641,16929533.336
3642,6502235.144
3643,18423695.864
3644,17705098.672
3645,15180428.68
3646,17712106.412
3647,24192282.128
3648,9362460.136
3649,12673915.536
3650,37298005.46
3651,573931611.056
3652,41355696.356
3653,288203626.296
3654,51949315.892
3655,30294613.456
3656,81476821.048
3657,2362387.12
3658,9250795.92
3659,40352628.524
3660,252505556.052
3661,11352257.8
3662,34271200.464
3663,419118190.2
3664,3423202.052
3665,11129737.664
3666,7375142.404
3667,141691344.948
3668,24132331.084
3669,4728157.528
3670,61709245.46
3671,63900168.4
3672,7333879.276
3673,223518040.664
3674,13039891.94
3675,476807502.432
3676,173282378.192
3677,11237876.124
3678,22787111.764
3679,62498855.768
3680,10832981.896
3681,21728081.54
3682,323157348.94
3683,4483181.072
3684,42841540.264
3685,124680334.916
3686,20247886.216
3687,307060013.44
3688,17639546.988
3689,4230623.272
3690,70929979.032
3691,14019014.38
3692,1629626.556
3693,128181049.32
3694,167831615.056
3695,57174427.388
3696,24786080.172
3697,9768004.504
3698,64504107.576
3699,13710583.168
3700,88552852.912
3701,58497606.488
3702,655950.112
3703,59172976.452
3704,87024566.232
3705,15333760.26
3706,64290852.38
3707,4391829.36
3708,10739805.788
3709,358052935.084
3710,62679571.704
3711,11659488.612
3712,22804906.58
3713,25482417.64
3714,8880952.616
3715,11668710.336
3716,8921800.916
3717,1583618.884
3718,30760474.168
3719,51018117.212
3720,81509717.3
3721,2105086.972
3722,95911968.788
3723,11584364.52
3724,2694981.364
3725,58118630.356
3726,14161465.756
3727,198607268.124
3728,143503162.228
3729,11268797.928
3730,58765727.256
3731,191350509.872
3732,2486620.448
3733,224543490.1
3734,529920901.192
3735,15183223.184
3736,6331452.156
3737,21478105.672
3738,2286320.996
3739,6679780.42
3740,21467972.372
3741,7562616.772
3742,71163148.748
3743,27426684.66
3744,156468519.528
3745,55974078.764
3746,166840072.424
3747,2051831.608
3748,3432620.992
3749,11294422.58
3750,27588704.2
3751,27076636.596
3752,3082363.9
3753,23070155.788
3754,17265699.42
3755,79902873.02
3756,98127928.968
3757,382140237.868
3758,113825663.028
3759,6145534.432
3760,153962371.288
3761,76355366.508
3762,250843773.404
3763,40069726.548
3764,32023368.012
3765,10087165.012
3766,4863650.888
3767,10437299.772
3768,15695271.356
3769,45537296.82
3770,25186998.916
3771,56808221.452
3772,98775777.228
3773,14698928.48
3774,10568528.876
3775,185606259.564
3776,51269644.4
3777,7479675.108
3778,1116510.312
3779,67096416.428
3780,9738683.364
3781,17094024.104
3782,4454779.26
3783,125938920.404
3784,1602880.144
3785,417295704.572
3786,10837952.072
3787,323581795.708
3788,698951826.008
3789,11961258.364
3790,4179228.416
3791,12122623.312
3792,483005.824
3793,5776626.908
3794,5311729.776
3795,812867496.128
3796,12571173.568
3797,83526836.216
3798,9599339.796
3799,7286731.668
3800,2985838.524
3801,59281000.988
3802,1747075.888
3803,11869457.904
3804,86121063.54
3805,1428956.804
3806,52762704.468
3807,10501896.396
3808,4008217.176
3809,22186159.812
3810,13486925.388
3811,38802487.172
3812,4043374.292
3813,4886476.628
3814,8726211.652
3815,140637517.672
3816,112235032.184
3817,261476730.176
3818,56416162.0
3819,62529082.908
3820,117157388.064
3821,140623518.072
3822,10988503.656
3823,9246707.788
3824,4109518.988
3825,14154881.964
3826,124451847.416
3827,225717158.884
3828,8294079.072
3829,2478290.2
3830,31625623.544
3831,2223006.348
3832,211572424.868
3833,56333916.884
3834,39661570.528
3835,8329972.236
3836,2902210.092
3837,22868718.4
3838,188828341.024
3839,23614438.544
3840,48820901.076
3841,17175499.66
3842,11991449.024
3843,70262014.616
3844,4190636.492
3845,514640.052
3846,3872143.388
3847,4451512.988
3848,130545566.984
3849,77449634.672
3850,21808959.772
3851,28705157.256
3852,1630660.984
3853,71754325.416
3854,2548597.104
3855,9589055.824
3856,24351664.92
3857,750262244.084
3858,3228008.828
3859,21002170.268
3860,14131873.348
3861,26145861.188
3862,18245412.4
3863,57269621.98
3864,65039469.928
3865,125996277.856
3866,4387649.884
3867,209450774.452
3868,13027521.588
3869,32647691.764
3870,67648728.508
3871,735915330.776
3872,15807571.62
3873,18635797.12
3874,6889929.828
3875,95246552.612
3876,6327948.5
3877,46722878.828
3878,196186253.596
3879,343384947.34
3880,25986356.06
3881,1707019.136
3882,11571971.224
3883,2798904.016
3884,326291224.592
3885,14993262.524
3886,14132355.948
3887,14244347.984
3888,7452030.54
3889,270828133.524
3890,150172504.068
3891,11883170.112
3892,10675732.168
3893,638937742.728
3894,57867142.924
3895,15151043.432
3896,15407293.02
3897,20417525.044
3898,12524489.116
3899,797838616.216
3900,77730423.84
3901,3335487.08
3902,63461220.508
3903,36129867.444
3904,16237829.416
3905,14855604.668
3906,62052838.6
3907,11816037.196
3908,16190966.268
3909,1480957.528
3910,15045908.528
3911,3560969.104
3912,10160069.136
3913,118719770.064
3914,12907503.076
3915,348311875.864
3916,49896890.284
3917,8962436.024
3918,18723468.788
3919,98855227.788
3920,9207209.124
3921,3522037.556
3922,16403863.776
3923,24517747.804
3924,23756651.488
3925,240919302.104
3926,103288073.176
3927,94802244.044
3928,124709897.56
3929,37361632.276
3930,301239540.06
3931,6131326.784
3932,15601594.568
3933,11783541.104
3934,42114257.912
3935,887846.896
3936,12270789.488
3937,237614967.448
3938,7827982.616
3939,27813038.836
3940,8515980.296
3941,25051021.608
3942,310328599.744
3943,796121112.924
3944,7947976.844
3945,45180950.112
3946,4622774.868
3947,29754725.864
3948,18305070.676
3949,27640573.028
3950,12241312.668
3951,8237566.436
3952,22370557.628
3953,61037061.9
3954,428258537.272
3955,25540345.26
3956,104041972.696
3957,12408775.664
3958,4886724.16
3959,14160379.716
3960,6059710.38
3961,21050170.252
3962,8667484.788
3963,20489062.936
3964,747787031.384
3965,148426626.604
3966,25738132.844
3967,430119800.4
3968,18514027.816
3969,5524259.712
3970,17010389.956
3971,7929970.312
3972,51655043.72
3973,63676075.36
3974,2001767.34
3975,217546810.48
3976,42503900.344
3977,99206421.184
3978,196482035.744
3979,15783252.096
3980,7850943.472
3981,1757203.204
3982,16377657.316
3983,13598512.032
3984,128185452.232
3985,25410914.764
3986,767879670.084
3987,51332142.072
3988,12008106.74
3989,19406858.876
3990,26860145.884
3991,3625952.816
3992,4983812.012
3993,10754655.02
3994,27182207.896
3995,11258172.736
3996,48204261.004
3997,11058113.388
3998,98362698.684
3999,16313606.32
4000,107685231.196
4001,23360628.568
4002,337813405.588
4003,4653813.12
4004,39983175.728
4005,2932524.404
4006,33718097.9
4007,2319354.744
4008,9929487.8
4009,6613289.412
4010,5939535.976
4011,13754906.212
4012,201397738.296
4013,84381537.808
4014,9842128.092
4015,102875933.312
4016,21711121.38
4017,7249116.356
4018,30887514.464
4019,320097638.624
4020,10956483.356
4021,111231673.128
4022,26363826.96
4023,193887715.636
4024,125297240.984
4025,1711999.068
4026,60999695.688
4027,17276454.596
4028,10751258.616
4029,631012.96
4030,25934383.076
4031,132752722.572
4032,5175565.08
4033,4330215.172
4034,5836426.184
4035,81416193.832
4036,30818527.272
4037,25505611.012
4038,4610887.228
4039,31651870.888
4040,12315908.356
4041,13495233.008
4042,29962403.124
4043,7951025.78
4044,47900129.06
4045,82333961.308
4046,33837953.444
4047,611161968.008
4048,14760820.388
4049,1558251.544
4050,7165020.716
4051,583246051.92
4052,18616341.276
4053,3457973.36
4054,4036944.588
4055,9853646.7
4056,5439449.416
4057,9239884.364
4058,34399692.912
4059,2856868.844
4060,25392853.056
4061,238444831.328
4062,24085365.132
4063,83418767.032
4064,707254956.184
4065,92302423.224
4066,9804742.868
4067,58701832.34
4068,25136776.132
4069,24258023.376
4070,18932029.328
4071,16275411.728
4072,7828841.312
4073,123832192.216
4074,30038102.924
4075,24889762.656
4076,43682622.88
4077,292799145.404
4078,8447330.864
4079,56369149.44
4080,43863945.448
4081,168516996.592
4082,249052157.592
4083,42237301.672
4084,63864623.728
4085,20130497.408
4086,129953861.876
4087,16170160.472
4088,25130605.608
4089,22407743.804
4090,5924740.688
4091,46489564.816
4092,25612849.948
4093,34169735.736
4094,11282326.968
4095,215446127.352
4096,30904862.604
4097,29303276.888
4098,3049993.988
4099,6447481.896
4100,73700377.616
4101,12636440.988
4102,6611920.864
4103,35307336.58
4104,14615313.876
4105,2084131.648
4106,5687046.376
4107,4054185.024
4108,15648913.964
4109,2896500.144
4110,9202713.016
4111,7174929.54
4112,20834787.308
4113,1732573.296
4114,271501062.916
4115,6121391.032
4116,9710006.132
4117,28676885.332
4118,42505910.784
4119,61009824.448
4120,8693734.204
4121,10150659.14
4122,216782103.78
4123,22518012.656
4124,115873779.908
4125,12048375.644
4126,11278581.208
4127,6764474.008
4128,25288116.256
4129,4636732.512
4130,56043165.48
4131,465666192.808
4132,72129309.176
4133,24324249.144
4134,10148193.776
4135,9234485.224
4136,406391781.904
4137,12550580.036
4138,16033011.2
4139,9141221.376
4140,4987304.932
4141,20205320.06
4142,36688299.46
4143,27472836.632
4144,4005423.508
4145,41118914.132
4146,9425062.176
4147,5881723.16
4148,24938658.656
4149,9269835.572
4150,3420787.296
4151,11481220.128
4152,29989299.54
4153,48123434.044
4154,5213950.32
4155,10845573.812
4156,4166428.432
4157,6236731.468
4158,15084836.396
4159,51258234.036
4160,347517666.32
4161,37267976.124
4162,19186261.332
4163,171877660.388
4164,6820287.472
4165,10864953.824
4166,10373811.4
4167,100849284.424
4168,6809100.22
4169,6449773.312
4170,9718004.512
4171,180391329.124
4172,107580261.116
4173,13886520.536
4174,4872393.764
4175,7167428.028
4176,9579340.056
4177,1782523.016
4178,500169392.84
4179,3160067.592
4180,238944283.952
4181,25182640.16
4182,12849826.176
4183,64201854.328
4184,15355874.58
4185,30964289.552
4186,137577037.064
4187,10736835.768
4188,8596884.56
4189,7352016.612
4190,5296467.576
4191,60744933.94
4192,736605.436
4193,439989050.74
4194,131188740.6
4195,42783431.344
4196,22338093.804
4197,16939022.268
4198,2902409.276
4199,6482908.092
4200,54949926.864
4201,55524534.812
4202,187307966.744
4203,28365464.088
4204,58498473.604
4205,3186537.896
4206,65957300.88
4207,382461015.248
4208,644465517.888
4209,52931548.488
4210,77026683.08
4211,14175406.984
4212,492340885.792
4213,4842109.688
4214,16389430.16
4215,7121872.392
4216,4457216.232
4217,22978307.352
4218,19443994.484
4219,7927381.892
4220,17869541.792
4221,1785741.816
4222,15319315.66
4223,115176248.176
4224,8558213.952
4225,17658586.452
4226,26174365.1
4227,27193659.432
4228,1694950.568
4229,76850327.976
4230,25513828.86
4231,7694643.304
4232,18212482.232
4233,43510507.592
4234,37270369.304
4235,50326878.772
4236,9119028.708
4237,7026365.288
4238,13823230.512
4239,155762030.404
4240,401455415.788
4241,186787392.044
4242,8831527.656
4243,2676014.464
4244,46471716.892
4245,9415802.188
4246,17646634.332
4247,26607058.092
4248,6519010.128
4249,54892290.58
4250,23235719.804
4251,8747608.26
4252,163391162.112
4253,110839382.108
4254,70365970.104
4255,44025820.564
4256,288327894.16
4257,213267006.808
4258,9006409.224
4259,3616948.392
4260,183326244.48
4261,6873869.536
4262,6328636.264
4263,4784119.696
4264,469929275.204
4265,66548830.708
4266,45028232.336
4267,25360884.864
4268,5356630.248
4269,19293499.48
4270,405428027.048
4271,91746604.86
4272,1146277.768
4273,154234942.284
4274,41795788.444
4275,12118193.056
4276,6022410.316
4277,51494388.704
4278,18730093.288
4279,132527943.948
4280,2557942.528
4281,4706240.432
4282,127512622.604
4283,5077483.076
4284,8793604.72
4285,2166698.232
4286,431014421.64
4287,8995173.768
4288,43886672.86
4289,75972233.924
4290,108880464.792
4291,15017341.688
4292,14770931.04
4293,8265478.584
4294,174058321.112
4295,133694502.5
4296,37213657.964
4297,126309466.032
4298,8339816.868
4299,12693643.056
4300,36040870.92
4301,14191228.424
4302,19124436.172
4303,10563309.828
4304,15570129.092
4305,40197937.56
4306,6041279.4
4307,2524412.156
4308,2919890.128
4309,18837236.2
4310,27788244.128
4311,9008527.936
4312,35103145.336
4313,124672547.584
4314,14765164.32
4315,184103336.512
4316,344150933.368
4317,3965495.956
4318,12945973.192
4319,4224385.196
4320,97471640.32
4321,40132165.008
4322,4702008.752
4323,11718805.08
4324,52504719.46
4325,11434489.756
4326,38534454.764
4327,91101626.416
4328,31414168.516
4329,10261206.492
4330,948255485.14
4331,51428417.644
4332,57355763.472
4333,6088357.716
4334,95323226.788
4335,28401608.676
4336,50191179.596
4337,1529832.684
4338,287405947.624
4339,70639771.008
4340,30345395.868
4341,15977495.616
4342,12711676.84
4343,19310729.484
4344,2044432.648
4345,92799962.32
4346,46340531.776
4347,48820371.02
4348,3124737.208
4349,244077305.976
4350,19573218.908
4351,164110715.156
4352,7925929.38
4353,189336474.42
4354,17804059.916
4355,20526661.32
4356,26509857.396
4357,89068981.76
4358,18406355.244
4359,29641259.712
4360,26986403.184
4361,150919045.912
4362,12572210.336
4363,85842306.372
4364,67859327.968
4365,13965941.024
4366,21069395.296
4367,83238727.592
4368,107687030.968
4369,15587756.744
4370,40004655.648
4371,79980672.504
4372,17905736.868
4373,17161413.78
4374,55575073.86
4375,6043579.584
4376,66836553.012
4377,19529198.784
4378,18458571.8
4379,143093128.192
4380,115155731.96
4381,109189576.416
4382,594532008.768
4383,241267284.6
4384,13800675.008
4385,3834092.864
4386,242209463.144
4387,39605430.192
4388,41211744.096
4389,348134854.38
4390,8586709.7
4391,3777046.4
4392,129561854.768
4393,64669570.876
4394,14083810.664
4395,61607948.052
4396,44154044.788
4397,50887430.676
4398,316587479.288
4399,3610589.36
4400,29078634.328
4401,130279396.148
4402,18438222.12
4403,18359533.0
4404,65002567.56
4405,68104820.748
4406,8760307.48
4407,13693640.592
4408,5286405.096
4409,4512872.672
4410,4170229.848
4411,4714356.584
4412,98362441.396
4413,57303443.268
4414,1508041.98
4415,36328135.072
4416,6724405.06
4417,195477921.808
4418,6600198.98
4419,155613854.116
4420,479567778.252
4421,3421419.508
4422,77718110.348
4423,4803012.32
4424,3684922.14
4425,39475524.048
4426,183923263.312
4427,63215316.544
4428,10222938.968
4429,2756054.676
4430,4535652.46
4431,32865484.312
4432,159194491.188
4433,330858772.48
4434,401147015.652
4435,24757569.952
4436,47509646.328
4437,7532150.856
4438,42745705.096
4439,9106574.196
4440,2848418.38
4441,52234909.828
4442,2532262.592
4443,2971032.024
4444,9279045.232
4445,8286585.344
4446,4364812.344
4447,72488295.876
4448,155735404.04
4449,32129977.872
4450,331603890.316
4451,351072274.88
4452,25040130.808
4453,16371144.432
4454,5006308.912
4455,3877022.064
4456,178064079.66
4457,4388808.708
4458,161293872.504
4459,43859691.812
4460,19991240.504
4461,72109856.48
4462,99323127.132
4463,5343206.836
4464,18211267.972
4465,2081107.844
4466,5267578.88
4467,35561360.54
4468,6437096.1
4469,41263216.968
4470,10591947.34
4471,5103513.184
4472,183294513.344
4473,34777946.168
4474,39330947.352
4475,5855216.18
4476,2372908.672
4477,22019677.456
4478,6504934.82
4479,1696986.616
4480,146674012.4
4481,4341278.488
4482,21118536.696
4483,9345236.752
4484,2438337.548
4485,7600067.844
4486,20361198.192
4487,6403185.472
4488,57311714.892
4489,41386582.448
4490,4836835.204
4491,108303144.328
4492,16699503.468
4493,11365199.892
4494,14407670.34
4495,14974948.68
4496,22055343.1
4497,19706021.076
4498,58334929.312
4499,72330369.5
4500,113960716.16
4501,99922717.128
4502,12759293.948
4503,587485506.068
4504,13342721.844
4505,1814360.624
4506,83893249.364
4507,5838146.144
4508,3977093.424
4509,10415131.44
4510,5945832.788
4511,175393663.976
4512,7942195.52
4513,27564812.048
4514,6179216.312
4515,483523716.4
4516,4835955.676
4517,6530318.548
4518,423343940.552
4519,112913838.072
4520,11082854.036
4521,19621644.688
4522,78444072.388
4523,28024283.972
4524,39150525.112
4525,18017202.776
4526,19911947.98
4527,27309318.496
4528,8263159.82
4529,19459881.916
4530,5163005.78
4531,15906633.132
4532,10468283.776
4533,17438339.788
4534,13366162.428
4535,83250178.876
4536,10470149.756
4537,10076190.556
4538,9327510.656
4539,51842491.16
4540,25413346.136
4541,15294799.708
4542,64721353.564
4543,107185871.008
4544,28545705.408
4545,4195780.324
4546,4049715.932
4547,3833509.032
4548,15899544.5
4549,3970661.924
4550,25897626.96
4551,776906543.98
4552,126938744.58
4553,6341210.192
4554,451774093.136
4555,2501278.124
4556,58098524.908
4557,39709106.572
4558,18880888.144
4559,53229437.068
4560,72400357.484
4561,48492164.612
4562,3017935.348
4563,218408972.188
4564,4634206.692
4565,6929489.2
4566,15179739.44
4567,81250355.36
4568,13420843.596
4569,12920525.864
4570,19975731.028
4571,1235089.352
4572,12109878.224
4573,28525169.892
4574,600443.124
4575,6715337.696
4576,9523638.048
4577,18153216.556
4578,4404273.924
4579,98693813.64
4580,32123388.924
4581,3240125.128
4582,40905763.508
4583,212125776.456
4584,11734181.364
4585,157051029.46
4586,12413233.728
4587,5411610.976
4588,249368969.74
4589,54756592.36
4590,1248128706.472
4591,58722519.368
4592,10595058.448
4593,2915276.368
4594,10413762.704
4595,461862615.824
4596,650921192.74
4597,22155896.904
4598,138504443.848
4599,41350489.936
4600,22790748.272
4601,28114844.476
4602,29006230.532
4603,13575260.584
4604,12254462.592
4605,313029961.78
4606,205007481.604
4607,43838608.884
4608,12088942.932
4609,5637595.26
4610,160798535.632
4611,72199176.996
4612,29174062.132
4613,7738381.456
4614,57607531.86
4615,9997706.996
4616,2449507.848
4617,93233378.12
4618,11145821.392
4619,20797519.2
4620,9455510.288
4621,143275863.78
4622,52514409.912
4623,9581747.096
4624,2278792.764
4625,28088680.412
4626,14244836.916
4627,9429794.496
4628,25132414.624
4629,4013961.636
4630,16242369.404
4631,7861994.584
4632,4789486.764
4633,8477338.444
4634,4618920.824
4635,2072856.088
4636,69055875.928
4637,3924148.868
4638,7320701.728
4639,1158533.7
4640,44127519.992
4641,12889678.988
4642,10472113.452
4643,262680849.884
4644,21403132.348
4645,7501724.932
4646,743932846.508
4647,10041514.008
4648,21637363.036
4649,56158686.596
4650,102014150.388
4651,78163757.844
4652,419659043.312
4653,6109666.696
4654,52601344.124
4655,74870864.284
4656,8794038.228
4657,26221974.16
4658,44569224.636
4659,9420544.508
4660,17829872.728
4661,18178446.252
4662,392213391.252
4663,47828087.936
4664,7979772.096
4665,20249881.368
4666,26157238.7
4667,143336625.512
4668,7585212.204
4669,47360888.912
4670,43085650.316
4671,12066955.992
4672,21257230.164
4673,29345008.396
4674,14141646.368
4675,9827314.368
4676,12467328.392
4677,911493.212
4678,15130591.764
4679,1816072.164
4680,10411450.128
4681,5464925.092
4682,21034190.076
4683,44114780.744
4684,14698829.788
4685,25760637.036
4686,3846858.416
4687,18829455.84
4688,205804397.12
4689,20672951.176
4690,14017795.772
4691,20149661.452
4692,18163876.164
4693,17012036.928
4694,16462501.552
4695,23791004.236
4696,69249744.136
4697,123476601.24
4698,12715256.932
4699,4198922.22
4700,159927508.6
4701,299944126.432
4702,17084609.284
4703,19666560.9
4704,48790512.78
4705,50462358.08
4706,105128160.5
4707,6885110.992
4708,11346110.348
4709,1162549.504
4710,433647496.704
4711,11765075.64
4712,8961529.312
4713,305983036.44
4714,2137475.56
4715,55679813.18
4716,5713709.208
4717,17519986.064
4718,17118184.94
4719,81566966.904
4720,12195866.328
4721,5582357.384
4722,55724943.376
4723,3615462.44
4724,188130545.84
4725,29351224.408
4726,20462352.072
4727,15829786.728
4728,44996023.596
4729,66530796.444
4730,3122653.824
4731,88953945.672
4732,506001157.064
4733,72173355.884
4734,365152546.952
4735,9323018.312
4736,24961236.744
4737,34101385.352
4738,52520830.22
4739,98941267.168
4740,403877353.608
4741,3049039.528
4742,127688866.476
4743,4482336.5
4744,4788383.684
4745,282506391.236
4746,26892733.8
4747,8237717.16
4748,39389754.072
4749,9502165.776
4750,17491131.128
4751,60896946.796
4752,19963178.576
4753,10060646.54
4754,667658217.256
4755,25311891.408
4756,16834181.976
4757,319252903.504
4758,193837191.624
4759,433040685.836
4760,9954321.368
4761,12138465.328
4762,11585202.676
4763,39589928.8
4764,419869535.136
4765,6975526.932
4766,147231619.68
4767,53710732.144
4768,33988042.496
4769,26463544.156
4770,92306296.58
4771,78765537.364
4772,18676518.42
4773,11784270.876
4774,40262146.588
4775,2853761.368
4776,8926388.196
4777,225108970.12
4778,34661938.068
4779,16265558.904
4780,175542777.636
4781,1723177.124
4782,103404751.604
4783,3800270.648
4784,12674829.648
4785,24601792.768
4786,119877143.208
4787,53936622.168
4788,43811203.748
4789,9116062.848
4790,77658425.164
4791,23976354.768
4792,20073889.736
4793,22279246.276
4794,16462144.588
4795,30460903.152
4796,12786664.984
4797,611362186.316
4798,82058219.98
4799,39109631.784
4800,16692184.432
4801,2524665.768
4802,20432915.304
4803,2380293.516
4804,13901576.756
4805,1235208.312
4806,9513088.528
4807,7120471.38
4808,57700419.004
4809,91926083.916
4810,3800214.788
4811,11776705.984
4812,88171319.628
4813,65331559.732
4814,3525406.252
4815,33245085.168
4816,29791502.852
4817,17942736.808
4818,40006003.008
4819,9019744.968
4820,70709231.212
4821,8659556.072
4822,6409426.876
4823,21603461.852
4824,51324620.316
4825,108785942.224
4826,14085819.168
4827,36703874.056
4828,11047730.088
4829,29844118.872
4830,16755539.752
4831,17502510.02
4832,15315163.372
4833,9181520.7
4834,44661209.704
4835,47691000.72
4836,16075014.644
4837,275655607.912
4838,20735872.332
4839,626161.548
4840,626468512.04
4841,3483690.42
4842,127218279.4
4843,137180649.476
4844,4727459.708
4845,7204319.624
4846,11038901.48
4847,502814199.016
4848,30092239.872
4849,273217079.648
4850,17247866.948
4851,2729205.172
4852,10391227.916
4853,122971744.76
4854,65514192.776
4855,115897489.996
4856,10146403.96
4857,7990401.732
4858,101322400.0
4859,41328941.232
4860,366896285.744
4861,140302765.864
4862,170676635.788
4863,168568430.236
4864,59884841.54
4865,12656937.148
4866,15529764.008
4867,154816575.92
4868,4974810.052
4869,8908698.54
4870,6512419.92
4871,27615129.596
4872,6791259.228
4873,5123103.928
4874,116328536.4
4875,17825872.992
4876,55757200.316
4877,24452272.784
4878,102495843.752
4879,13361582.444
4880,27373959.348
4881,17474866.88
4882,23000283.576
4883,52248518.304
4884,81830959.624
4885,27004288.692
4886,17718393.704
4887,4527752.008
4888,18181429.624
4889,4357109.52
4890,137840898.932
4891,23591041.84
4892,3813633.676
4893,123226966.936
4894,16712901.68
4895,13807081.076
4896,50071310.284
4897,4119872.64
4898,104968830.516
4899,120296076.78
4900,233206306.224
4901,34337510.328
4902,4227467.372
4903,12303322.208
4904,239933737.044
4905,22362163.544
4906,3405177.32
4907,817536285.732
4908,7938280.86
4909,98327151.372
4910,35979531.488
4911,5374058.68
4912,66502332.216
4913,9751938.408
4914,44177301.552
4915,44963828.472
4916,35288391.612
4917,6872886.372
4918,125060762.292
4919,11091736.488
4920,45432208.888
4921,44449077.432
4922,18326912.004
4923,9769590.12
4924,45986456.596
4925,141059717.796
4926,35351330.932
4927,28854191.4
4928,13404110.788
4929,21233001.74
4930,24670811.496
4931,17296327.948
4932,6038078.0
4933,63719023.916
4934,151868294.14
4935,537507694.46
4936,77903273.564
4937,12419925.392
4938,45274167.54
4939,8895978.188
4940,13002029.112
4941,161493681.048
4942,5523738.66
4943,106222568.028
4944,31761429.18
4945,3190333.808
4946,3445432.14
4947,2839696.432
4948,4257678.408
4949,26577793.22
4950,42906928.684
4951,15226538.312
4952,16505089.584
4953,35281149.24
4954,44221556.168
4955,7655060.848
4956,10547251.168
4957,27234161.448
4958,13379172.112
4959,14182258.532
4960,11045003.588
4961,184985765.856
4962,163440063.624
4963,138490875.636
4964,32657496.304
4965,11495495.876
4966,1783437.052
4967,79850096.324
4968,13578297.656
4969,2379424.756
4970,5610101.872
4971,118048440.036
4972,17609602.136
4973,15390997.136
4974,97118541.916
4975,18987008.816
4976,4773294.336
4977,50071727.432
4978,9206196.476
4979,13149893.42
4980,22676268.748
4981,23163653.236
4982,113558440.34
4983,3032193.056
4984,58045477.968
4985,554085068.052
4986,9443839.26
4987,26033464.112
4988,1522819.024
4989,3311719.468
4990,5681104.584
4991,9747766.588
4992,191770785.076
4993,30142616.852
4994,39998634.468
4995,3264755.352
4996,13060067.992
4997,71806713.012
4998,17894000.464
4999,47375286.504
5000,355252886.176
5001,402842650.76
5002,199504073.788
5003,27223228.364
5004,7005416.868
5005,28183111.032
5006,366255807.172
5007,7072319.964
5008,398932396.48
5009,28265021.588
5010,15613485.396
5011,19501410.276
5012,138194948.492
5013,33894674.852
5014,23944782.928
5015,84020450.084
5016,89284798.176
5017,12042310.912
5018,25764206.524
5019,14724019.488
5020,96948331.312
5021,393206.084
5022,38042677.144
5023,282635645.164
5024,95448523.536
5025,2591780.096
5026,176537334.588
5027,52216976.36
5028,120534411.66
5029,172196036.036
5030,32031566.132
5031,5772190.3
5032,322748714.232
5033,4255818.688
5034,5657023.76
5035,4147380.556
5036,18616551.04
5037,42990275.892
5038,445701709.088
5039,1733453.556
5040,60007344.62
5041,46863187.244
5042,23641351.324
5043,13015727.328
5044,631029802.768
5045,17293959.04
5046,4995304.572
5047,8504137.516
5048,10088477.268
5049,59667075.776
5050,3162988.68
5051,437319604.2
5052,220177461.76
5053,17322884.968
5054,99822042.204
5055,12817032.856
5056,27519205.432
5057,16348228.616
5058,6216042.076
5059,18567754.504
5060,160357294.564
5061,31940608.576
5062,20244817.868
5063,1181167.64
5064,25415791.676
5065,2087732.224
5066,35129554.608
5067,45400194.864
5068,37759100.66
5069,60124449.144
5070,36816074.64
5071,94202149.82
5072,82482930.04
5073,14212378.728
5074,7718873.352
5075,16601064.696
5076,14540623.58
5077,261620169.992
5078,9021049.752
5079,5450762.04
5080,59592606.468
5081,110715438.608
5082,20186972.128
5083,2836810.46
5084,13722040.384
5085,2618535.876
5086,7655208.968
5087,9672774.844
5088,18002475.132
5089,8639040.548
5090,11562185.368
5091,11020253.152
5092,28624302.396
5093,90787213.628
5094,80113852.588
5095,229960345.656
5096,17546793.104
5097,10192942.488
5098,16836597.136
5099,8410466.868
5100,9433231.556
5101,26983060.772
5102,7699425.42
5103,3361701.664
5104,39700560.744
5105,5510241.232
5106,3095552.18
5107,24373834.372
5108,14992959.236
5109,792989.14
5110,26198386.252
5111,48777734.4
5112,8407787.288
5113,3196017.984
5114,16403865.436
5115,3995426.7
5116,20940207.916
5117,225982737.016
5118,30208986.716
5119,3620504.476
5120,1776300.88
5121,86387895.92
5122,9219651.744
5123,58824224.304
5124,15852511.064
5125,14113520.3
5126,21209374.576
5127,42468125.296
5128,1471016.84
5129,3898104.352
5130,71700183.992
5131,25540765.78
5132,19213591.104
5133,214015456.724
5134,159920015.296
5135,190650357.592
5136,6567523.024
5137,33855548.364
5138,15976382.052
5139,180302295.496
5140,177926108.5
5141,34740545.832
5142,174938601.42
5143,49869816.1
5144,85557703.492
5145,16855393.432
5146,15804581.6
5147,12992713.772
5148,26681065.376
5149,10378368.504
5150,456102905.348
5151,392668478.064
5152,125149030.664
5153,15954589.476
5154,19830696.492
5155,5659325.028
5156,589451307.708
5157,12022259.984
5158,3273953.004
5159,30929259.108
5160,18169371.392
5161,26047274.76
5162,56461125.668
5163,247803353.164
5164,2971417.488
5165,49184201.496
5166,192469943.668
5167,5493539.112
5168,23679752.636
5169,31413178.256
5170,16210448.464
5171,261029852.82
5172,6784859.112
5173,68345738.76
5174,80725525.86
5175,3125232.124
5176,12803932.652
5177,411905057.024
5178,572829167.008
5179,7645678.86
5180,8966693.66
5181,5633147.664
5182,22249667.56
5183,8600738.608
5184,19184990.884
5185,8529235.576
5186,25215738.248
5187,2941669.708
5188,21635824.512
5189,31987334.408
5190,487441458.412
5191,35471169.048
5192,131074466.048
5193,65685741.376
5194,14049905.124
5195,214227166.2
5196,44609241.004
5197,84220367.96
5198,31806812.864
5199,8245704.4
5200,28761723.104
5201,19771396.22
5202,14062339.072
5203,3217235.996
5204,1392510.544
5205,3801667.196
5206,13024601.168
5207,7984396.152
5208,31505434.68
5209,53381020.108
5210,17187929.284
5211,5908614.432
5212,11035895.024
5213,37323632.312
5214,1021639.156
5215,8268167.548
5216,91428668.492
5217,16854114.952
5218,19569611.44
5219,11238887.24
5220,78015984.964
5221,20557900.284
5222,8241193.132
5223,110970320.828
5224,1024609.312
5225,5206075.1
5226,29236519.488
5227,4623758.272
5228,13421790.584
5229,217054460.716
5230,14311585.776
5231,16838527.58
5232,5155776.916
5233,14140551.092
5234,44212902.824
5235,19690614.46
5236,262672397.7
5237,154743386.0
5238,57982360.916
5239,6416930.524
5240,65412760.788
5241,43275044.208
5242,33148239.244
5243,6932606.732
5244,67722680.84
5245,19381537.928
5246,30416185.82
5247,34089679.348
5248,5636222.028
5249,23868205.516
5250,454135366.204
5251,28252282.392
5252,2177238.592
5253,6733443.604
5254,2222871.908
5255,78837961.936
5256,57017823.88
5257,4737161.26
5258,4106107.744
5259,61210497.804
5260,5646540.764
5261,35397564.372
5262,9146935.488
5263,47101130.56
5264,3962702.444
5265,44915708.74
5266,10746013.108
5267,6151673.544
5268,21420540.932
5269,113366004.412
5270,73344608.88
5271,10926394.48
5272,129462605.496
5273,4914095.632
5274,33839958.152
5275,67775022.392
5276,26668722.664
5277,4900977.016
5278,9393920.196
5279,11481282.332
5280,345147636.376
5281,3444904.788
5282,15305739.688
5283,13670523.796
5284,11440460.088
5285,58770527.332
5286,16194394.216
5287,12063369.696
5288,4780208.1
5289,133397154.888
5290,140695435.828
5291,566985416.66
5292,234980463.44
5293,219890476.028
5294,1674943.004
5295,683216835.852
5296,7782468.388
5297,92120387.208
5298,176080133.596
5299,9824066.504
5300,4967950.532
5301,5549614.74
5302,81877768.672
5303,8120397.28
5304,7468866.068
5305,5559222.488
5306,87895176.364
5307,254689492.748
5308,1452536.428
5309,1275543.956
5310,132814506.224
5311,5752026.188
5312,223441862.776
5313,418998224.144
5314,90298246.084
5315,5504573.604
5316,18236651.888
5317,47441253.768
5318,8916774.02
5319,29120475.452
5320,10762608.7
5321,23555818.388
5322,2458576.516
5323,155655157.348
5324,19994760.868
5325,7734896.108
5326,20518768.236
5327,98430038.74
5328,13595335.536
5329,8089984.896
5330,159798413.924
5331,65392873.424
5332,5456301.38
5333,34800908.784
5334,10291083.332
5335,12866569.972
5336,12681141.728
5337,15805186.192
5338,23536337.652
5339,26706010.48
5340,47830902.052
5341,139132325.24
5342,287668488.504
5343,42299171.044
5344,132522736.812
5345,2886870.756
5346,130149766.704
5347,5473671.856
5348,35483525.436
5349,5517956.756
5350,5434876.008
5351,98239033.368
5352,16056154.992
5353,33748727.236
5354,59041882.08
5355,73743543.196
5356,34142583.824
5357,8207250.252
5358,91074743.528
5359,37305094.736
5360,69488713.076
5361,11956327.444
5362,4058886.084
5363,11443232.232
5364,4381171.496
5365,93911890.184
5366,142592648.788
5367,50668555.348
5368,14208130.432
5369,525685775.912
5370,58727859.992
5371,31272877.52
5372,518725353.736
5373,27709437.652
5374,117497689.184
5375,83883616.444
5376,126474495.148
5377,13987350.056
5378,8029825.04
5379,27318038.416
5380,90218025.04
5381,40613683.484
5382,57154837.272
5383,1919073.464
5384,260611768.156
5385,119947492.068
5386,31410432.688
5387,10681939.188
5388,227384889.496
5389,63063194.268
5390,34218399.616
5391,19436275.772
5392,2707820.044
5393,5920249.7
5394,64432439.996
5395,46914277.948
5396,214264724.432
5397,7576658.864
5398,12479659.716
5399,4663272.368
5400,10516200.904
5401,171215480.776
5402,61839698.688
5403,42554908.512
5404,3499566.304
5405,57259919.224
5406,4375947.832
5407,357135943.94
5408,617953683.304
5409,122743011.088
5410,3823306.468
5411,25343787.896
5412,695353.456
5413,3739795.72
5414,136711586.34
5415,30966883.468
5416,12142402.588
5417,124175186.172
5418,833046.196
5419,9126173.316
5420,53499576.208
5421,51536956.716
5422,99344597.724
5423,255842024.0
5424,361538682.636
5425,6036148.792
5426,69796372.916
5427,13887484.104
5428,2493137.776
5429,80374704.84
5430,160968512.624
5431,28915260.04
5432,79503295.252
5433,32525864.156
5434,27372161.644
5435,16430300.464
5436,14559905.852
5437,42560581.044
5438,10030265.248
5439,18021548.344
5440,33032187.836
5441,8525756.388
5442,205667598.176
5443,136740081.952
5444,24539252.552
5445,26871826.744
5446,115949289.788
5447,19601725.964
5448,13512523.036
5449,82106048.048
5450,13652434.416
5451,33801183.604
5452,47052906.22
5453,325367502.668
5454,115758050.708
5455,16850814.372
5456,9081034.488
5457,23085673.84
5458,15799798.048
5459,28528154.004
5460,1824693.164
5461,1356442.608
5462,5774160.044
5463,723264427.924
5464,2501857.872
5465,26117325.376
5466,102978312.94
5467,40014023.592
5468,217143590.712
5469,4366042.292
5470,432025876.772
5471,121681559.34
5472,41664692.764
5473,14429448.348
5474,17211641.596
5475,31386252.796
5476,6548519.144
5477,14345259.44
5478,105065012.964
5479,90312970.656
5480,7424217.644
5481,7819196.732
5482,18333098.332
5483,13910305.88
5484,96945397.116
5485,8616581.88
5486,35923830.088
5487,665571959.696
5488,26314169.62
5489,57825772.58
5490,18298191.872
5491,96388264.956
5492,38379068.288
5493,23671370.568
5494,4947245.744
5495,6216904.576
5496,53254632.588
5497,7257883.636
5498,52538696.932
5499,71248964.98
5500,29598739.204
5501,18810895.752
5502,10597602.728
5503,13200617.6
5504,56570686.524
5505,6015308.84
5506,217931661.712
5507,33052982.02
5508,142363729.32
5509,97258119.456
5510,29145375.88
5511,9062738.652
5512,106255351.116
5513,3466620.744
5514,8866254.328
5515,1634489.864
5516,12677007.236
5517,456537742.212
5518,18471013.044
5519,158272577.156
5520,6840454.256
5521,7492989.568
5522,863333.944
5523,741183655.36
5524,506377425.46
5525,19060211.872
5526,1807046.0
5527,5579959.308
5528,37214926.016
5529,2376345.824
5530,543688911.336
5531,4474800.252
5532,22603197.428
5533,26889572.668
5534,426734112.008
5535,15127558.896
5536,3209361.216
5537,18426967.672
5538,16539101.112
5539,205256817.552
5540,55765972.748
5541,216617406.92
5542,4287631.58
5543,9251927.144
5544,64942270.392
5545,909900.72
5546,23715111.172
5547,22299622.704
5548,13339152.704
5549,102296286.7
5550,51529003.208
5551,21135995.304
5552,42895472.24
5553,46338629.488
5554,9665274.372
5555,19057517.464
5556,12622988.904
5557,16693434.744
5558,746284756.828
5559,9635068.58
5560,11063326.588
5561,12201790.108
5562,42952362.66
5563,29184640.752
5564,3662484.724
5565,38079057.336
5566,23862216.296
5567,63857520.572
5568,23151595.716
5569,81326844.416
5570,25795588.5
5571,154055772.704
5572,3343787.152
5573,303505293.14
5574,70156486.876
5575,259770958.804
5576,34608207.98
5577,29577016.904
5578,14849753.6
5579,14117880.716
5580,12873222.996
5581,17593452.084
5582,11225717.016
5583,74641465.836
5584,10681978.992
5585,30243458.84
5586,4751743.244
5587,21900918.22
5588,165494407.32
5589,196256604.736
5590,2802761.696
5591,28372685.412
5592,7359153.344
5593,12178985.044
5594,6632606.596
5595,20291911.492
5596,347834013.524
5597,17578060.856
5598,16142343.472
5599,10994575.292
5600,12087693.488
5601,21753997.228
5602,23225828.056
5603,11009688.152
5604,26897930.74
5605,198161372.788
5606,64430055.976
5607,43949907.948
5608,153958016.936
5609,23516197.272
5610,11894750.66
5611,20113271.644
5612,417806514.732
5613,27712359.628
5614,10911876.776
5615,67647785.552
5616,37140844.44
5617,429491337.18
5618,25976103.68
5619,66004805.112
5620,16867257.888
5621,66718821.324
5622,97517732.056
5623,8832260.144
5624,367147200.456
5625,2243327.008
5626,15894492.792
5627,131105054.328
5628,27018437.06
5629,268591297.096
5630,89255782.888
5631,91750432.864
5632,55748244.344
5633,21216684.452
5634,32173829.72
5635,61894033.092
5636,7442316.192
5637,24669657.3
5638,70751350.056
5639,31522413.772
5640,23602034.212
5641,47988809.416
5642,12763697.812
5643,10612606.208
5644,664588106.032
5645,126545258.856
5646,16688205.24
5647,7899312.788
5648,88916211.428
5649,2269219.432
5650,106333726.2
5651,15601853.696
5652,6976955.204
5653,52473992.848
5654,44491850.392
5655,63976732.316
5656,752266641.792
5657,10296020.22
5658,26641491.108
5659,15049841.552
5660,94836648.68
5661,41006770.132
5662,452935621.028
5663,5649102.292
5664,14406008.84
5665,56882444.64
5666,24399646.004
5667,24597908.684
5668,14478333.608
5669,2652468.964
5670,581282409.436
5671,30873057.296
5672,10221917.712
5673,86667210.376
5674,7753864.184
5675,4738017.924
5676,2792706.084
5677,101218208.848
5678,97927362.928
5679,5676831.432
5680,15323423.416
5681,965860817.728
5682,4549780.588
5683,522331108.932
5684,34799742.468
5685,117140210.884
5686,1751454.88
5687,30801719.788
5688,8750411.5
5689,18362140.972
5690,14266422.936
5691,107375334.82
5692,413349254.264
5693,17893204.136
5694,13982135.504
5695,4207841.636
5696,20668938.556
5697,2448752.32
5698,12605167.668
5699,4885332.812
5700,31873179.312
5701,24303294.264
5702,18733674.596
5703,37975453.936
5704,86503363.544
5705,4249910.848
5706,10495969.724
5707,29576581.892
5708,18147091.748
5709,21820363.3
5710,5838277.972
5711,22494053.74
5712,118173012.104
5713,8804629.52
5714,65691889.492
5715,11799529.78
5716,12891276.476
5717,13480047.764
5718,5282152.696
5719,20488372.712
5720,5933594.944
5721,66425660.196
5722,144249645.476
5723,130336290.6
5724,22165664.336
5725,5554635.548
5726,25156998.38
5727,275115963.432
5728,260828715.732
5729,396652146.004
5730,4862120.604
5731,10809935.828
5732,96812547.848
5733,7643853.756
5734,7641886.416
5735,4796947.3
5736,58627473.392
5737,40938229.984
5738,110745821.648
5739,68076141.912
5740,21241868.848
5741,242673320.0
5742,19043956.008
5743,16265022.708
5744,7033675.724
5745,4132625.5
5746,26467672.46
5747,4417239.896
5748,58435006.54
5749,49799384.164
5750,39150121.892
5751,45895809.516
5752,4384102.016
5753,387136676.624
5754,16942981.936
5755,107649441.812
5756,17304110.028
5757,16683835.88
5758,908671.168
5759,28265209.876
5760,13287838.996
5761,4033915.952
5762,275217044.324
5763,89533212.004
5764,19794704.224
5765,16535683.364
5766,11703553.016
5767,11763223.504
5768,20549458.472
5769,235560779.58
5770,4682969.136
5771,18782894.048
5772,22080216.916
5773,318734563.948
5774,101539876.52
5775,30329198.988
5776,18142954.736
5777,192942677.048
5778,191538540.544
5779,554577452.084
5780,8695992.048
5781,55780190.744
5782,64834192.172
5783,81998363.56
5784,17419431.408
5785,50256147.832
5786,21774759.572
5787,232040132.032
5788,4666264.352
5789,13322681.912
5790,37397467.548
5791,54770419.62
5792,16468119.496
5793,7623897.396
5794,95344877.108
5795,122349569.408
5796,16724774.896
5797,28084977.984
5798,4833622.58
5799,340962119.0
5800,1900407.152
5801,20691489.224
5802,3959173.688
5803,4900763.384
5804,387352462.044
5805,26292734.532
5806,78994857.276
5807,59371253.44
5808,63945256.82
5809,35566633.732
5810,6281440.404
5811,3536144.0
5812,81722650.84
5813,57584576.448
5814,9982337.02
5815,6832270.264
5816,14999094.32
5817,12875427.896
5818,21637474.704
5819,34958972.972
5820,90275382.14
5821,3767727.408
5822,3033763.16
5823,36217277.136
5824,28765273.836
5825,27140905.78
5826,13292751.892
5827,78158707.124
5828,506088957.708
5829,106930272.592
5830,71046014.196
5831,90662133.408
5832,39166423.148
5833,42321179.52
5834,72520379.096
5835,80260750.5
5836,31229780.492
5837,48714077.24
5838,2937503.512
5839,102217893.856
5840,4132664.464
5841,28785398.032
5842,52608030.728
5843,12641734.732
5844,7678335.26
5845,15036615.92
5846,6036438.928
5847,57833481.14
5848,30608531.52
5849,22435448.012
5850,36435036.612
5851,8269931.076
5852,15186691.236
5853,29094932.552
5854,20103810.008
5855,121763237.372
5856,4489168.084
5857,673860355.74
5858,2662168.444
5859,66947557.076
5860,107538929.004
5861,5880818.232
5862,87061276.008
5863,112523559.988
5864,475973041.464
5865,18137471.732
5866,18356586.688
5867,44766996.476
5868,23190400.144
5869,8904434.156
5870,1842670.496
5871,74729145.336
5872,241883701.292
5873,28537917.688
5874,16280179.648
5875,86209383.176
5876,38154968.912
5877,5993196.264
5878,109752601.976
5879,6693273.024
5880,118937915.472
5881,40941199.9
5882,377536809.416
5883,21024680.872
5884,58498768.8
5885,11037319.68
5886,28290484.616
5887,23850575.632
5888,28232127.632
5889,28938296.932
5890,84280309.484
5891,112388084.452
5892,13179431.832
5893,9234879.612
5894,79487916.124
5895,11173761.56
5896,73631397.224
5897,1245705.908
5898,36393366.548
5899,8125257.36
5900,20844224.804
5901,711227.408
5902,212377711.064
5903,62082221.4
5904,32081749.112
5905,111785935.728
5906,78640804.232
5907,14482043.864
5908,73726024.304
5909,19077041.228
5910,112804002.692
5911,10014504.66
5912,417963445.376
5913,21217126.608
5914,31343377.908
5915,10404061.848
5916,31304268.948
5917,294910010.78
5918,51310255.744
5919,33636781.248
5920,52094909.476
5921,95815575.228
5922,3100169.652
5923,9265571.904
5924,9882458.44
5925,373216646.296
5926,5827497.98
5927,5924930.52
5928,40440888.792
5929,4106509.52
5930,66076668.476
5931,32375805.044
5932,238192559.312
5933,12332489.932
5934,144973980.296
5935,274488460.38
5936,68689973.996
5937,414633685.128
5938,7977565.268
5939,14433636.756
5940,72735910.404
5941,5664212.824
5942,36722845.86
5943,6442670.796
5944,15517541.796
5945,29173113.556
5946,12765127.24
5947,6056231.776
5948,168719919.304
5949,10151332.704
5950,517724038.092
5951,30380778.852
5952,6560296.66
5953,185011947.516
5954,14037325.552
5955,21772366.568
5956,55128517.056
5957,25564326.936
5958,68735320.392
5959,17125057.604
5960,9544261.212
5961,2151804.536
5962,17062366.084
5963,26239219.968
5964,63047973.76
5965,25381129.388
5966,22094427.776
5967,386380261.132
5968,155249296.064
5969,39021821.12
5970,13253566.812
5971,27001652.496
5972,48267378.116
5973,94838693.648
5974,32023101.872
5975,11435533.16
5976,6834729.576
5977,83563050.772
5978,839957036.464
5979,10557658.316
5980,296470464.116
5981,3172908.224
5982,241244577.116
5983,5369844.664
5984,7767237.584
5985,103180875.624
5986,165800131.064
5987,8171167.624
5988,34209052.264
5989,4688659.696
5990,121867072.404
5991,11172112.836
5992,21000659.108
5993,51057761.176
5994,4791611.252
5995,20623511.212
5996,12979435.204
5997,7663275.116
5998,261758474.324
5999,7002804.432
6000,2279077.684
6001,14807535.468
6002,6303642.732
6003,643816661.04
6004,40457961.528
6005,6666620.62
6006,9305774.8
6007,9094383.32
6008,9800768.0
6009,72716557.236
6010,56428282.06
6011,18438173.868
6012,7246087.22
6013,366731449.368
6014,17266472.248
6015,21644594.64
6016,8222881.8
6017,10514977.644
6018,24882681.864
6019,4627357.928
6020,8248536.476
6021,4723307.036
6022,9087076.336
6023,111767916.56
6024,2821528.04
6025,21255579.084
6026,138177559.148
6027,10938044.636
6028,246776354.36
6029,23258906.336
6030,314102297.956
6031,54529565.24
6032,1185306.104
6033,34810620.812
6034,6465201.684
6035,808958592.552
6036,5834729.372
6037,6780983.912
6038,411067.016
6039,18820774.872
6040,48677459.14
6041,265976253.564
6042,1842404.452
6043,210540864.096
6044,24693029.336
6045,26391121.568
6046,3280252.524
6047,25506152.604
6048,4948365.528
6049,9631370.744
6050,9537751.288
6051,4327819.872
6052,102281608.408
6053,1034116.68
6054,7641629.256
6055,10624422.204
6056,20553194.012
6057,4819832.6
6058,64783447.348
6059,224454784.556
6060,23650258.444
6061,113961221.832
6062,1493641.68
6063,102213283.164
6064,130465309.392
6065,105475392.404
6066,17132689.464
6067,55065473.572
6068,989259.544
6069,213157791.176
6070,207787758.396
6071,11014745.072
6072,30075748.196
6073,34663042.036
6074,1913300.912
6075,4402034.048
6076,73027542.74
6077,15532135.108
6078,57679871.6
6079,486422690.292
6080,69074428.64
6081,4191748.736
6082,3748615.988
6083,169899843.196
6084,16783299.844
6085,20372391.524
6086,5661871.968
6087,51428263.632
6088,10974556.236
6089,5820589.604
6090,401645942.848
6091,22754735.82
6092,11104098.1
6093,11003981.392
6094,123105906.656
6095,71356089.764
6096,3360245.016
6097,39857246.44
6098,26555960.3
6099,16491970.668
6100,39321054.284
6101,275503703.72
6102,86880274.26
6103,89687368.688
6104,3457752.172
6105,11715900.448
6106,3968696.416
6107,409215.436
6108,83775713.512
6109,20299702.548
6110,57171717.808
6111,2252546.024
6112,2170007.952
6113,11930482.36
6114,39866746.988
6115,191624113.64
6116,2566440.668
6117,226410172.288
6118,111872664.028
6119,192271144.512
6120,17255968.04
6121,697671.06
6122,301508123.948
6123,3419945.264
6124,4473387.572
6125,6527748.68
6126,16299242.944
6127,24678574.852
6128,418026988.428
6129,26361077.392
6130,2857240.732
6131,10999352.108
6132,1044505.664
6133,12520765.8
6134,47775365.916
6135,22843855.384
6136,704693929.984
6137,48173312.98
6138,18607306.152
6139,900339341.276
6140,23419405.52
6141,18534829.152
6142,6164182.92
6143,17172887.308
6144,26412080.904
6145,102544822.52
6146,11201963.64
6147,58820622.964
6148,11882140.756
6149,110463398.644
6150,604563073.132
6151,16856088.444
6152,961884301.504
6153,12075536.048
6154,2969635.764
6155,91356130.26
6156,5977090.304
6157,10476328.276
6158,100671885.076
6159,14575143.904
6160,56051590.488
6161,20069001.68
6162,8209132.376
6163,11760972.312
6164,31723916.876
6165,28746069.792
6166,22109974.9
6167,34103641.364
6168,28347535.096
6169,33007647.372
6170,10101577.164
6171,18307164.284
6172,10692843.044
6173,14174625.76
6174,40454022.684
6175,8819603.612
6176,23441065.312
6177,42982231.344
6178,3009995.148
6179,237956000.576
6180,49155000.248
6181,25829238.364
6182,403940763.76
6183,22680349.728
6184,814443424.848
6185,3318749.164
6186,23580999.208
6187,7219961.48
6188,32437436.508
6189,116987585.012
6190,139314728.568
6191,1745208.492
6192,67961137.72
6193,18592814.672
6194,4530644.676
6195,16476694.504
6196,55845140.284
6197,3049385.104
6198,107937202.936
6199,756824212.88
6200,54259613.156
6201,7242758.512
6202,73525141.384
6203,576267375.252
6204,2235168.796
6205,4636883.232
6206,36425946.036
6207,42550837.296
6208,38015585.852
6209,2644247.18
6210,20859247.548
6211,76569938.412
6212,16179677.048
6213,37382288.56
6214,61758811.964
6215,8939277.26
6216,6671538.544
6217,1384922.424
6218,10017507.684
6219,10358441.62
6220,586178.304
6221,28552306.544
6222,17192024.96
6223,50682686.372
6224,36940717.2
6225,126437521.264
6226,19507397.428
6227,23072308.948
6228,1428165.772
6229,54019813.592
6230,6824830.576
6231,97860414.06
6232,15848719.636
6233,177252929.124
6234,22440607.62
6235,29250440.952
6236,19406684.008
6237,11963366.72
6238,5855862.388
6239,191143562.8
6240,163979816.968
6241,2093772.236
6242,17383150.76
6243,4937229.184
6244,52104009.812
6245,3836129.252
6246,10628121.436
6247,703090502.872
6248,17147701.804
6249,35544622.192
6250,17808659.24
6251,37835746.196
6252,4590924.42
6253,15201828.592
6254,184555079.552
6255,9931432.816
6256,11680412.872
6257,90050166.7
6258,4478081.072
6259,9498994.152
6260,19242804.58
6261,134890258.492
6262,9588624.272
6263,51154001.436
6264,11366842.188
6265,17719381.572
6266,5304505.312
6267,75910882.02
6268,1912704.112
6269,153814611.092
6270,94776143.884
6271,237090256.924
6272,3319187.772
6273,67015143.88
6274,474699435.608
6275,15756606.98
6276,13345296.948
6277,13892334.636
6278,4853999.772
6279,10286362.9
6280,18015436.6
6281,8092429.056
6282,321244449.28
6283,18454797.504
6284,154735976.772
6285,29279997.68
6286,10461062.692
6287,2708577.556
6288,336277194.852
6289,152892576.376
6290,1072794.724
6291,56519655.988
6292,585781418.06
6293,385063507.212
6294,11110973.928
6295,533683471.508
6296,6923843.476
6297,55451905.916
6298,4951209.416
6299,7749178.264
6300,64946513.536
6301,33577638.74
6302,11345630.644
6303,9898797.664
6304,8585284.908
6305,138024917.3
6306,37948620.828
6307,4068069.564
6308,13945384.756
6309,6703304.44
6310,39743103.108
6311,3005518.34
6312,10644959.02
6313,12703317.008
6314,25229007.084
6315,10808809.212
6316,18646446.208
6317,164383513.62
6318,49709659.4
6319,29408193.66
6320,6006659.012
6321,267226408.384
6322,34816171.196
6323,55561357.292
6324,3398230.264
6325,136889487.148
6326,15584993.86
6327,14716485.852
6328,26535493.22
6329,2828828.16
6330,1862550.292
6331,31380418.128
6332,1824546.48
6333,9381633.692
6334,2851551.608
6335,55464848.856
6336,87726835.376
6337,20206632.724
6338,1782377.024
6339,127273485.604
6340,4193330.596
6341,2525143.596
6342,21124579.572
6343,52536554.592
6344,46389948.5
6345,4040619.872
6346,156125480.556
6347,78438495.708
6348,68005234.736
6349,11293388.9
6350,51272730.556
6351,129731315.764
6352,86876018.98
6353,14699017.664
6354,6996950.448
6355,1163484.86
6356,22767836.384
6357,14664312.92
6358,2794959.712
6359,8337078.964
6360,23950318.34
6361,187411151.14
6362,18405266.908
6363,11304030.448
6364,13123098.896
6365,150598367.212
6366,20506906.348
6367,10957231.9
6368,3419547.276
6369,47218388.928
6370,272348370.688
6371,12228377.528
6372,31594507.872
6373,2332341.36
6374,25070850.132
6375,273389728.36
6376,13870436.508
6377,15288576.816
6378,10665321.62
6379,279655978.744
6380,4098752.588
6381,578082864.44
6382,101693918.376
6383,12686165.572
6384,35736568.528
6385,22941935.892
6386,343293566.788
6387,10473871.928
6388,37402884.028
6389,5240582.86
6390,68179251.272
6391,7865138.508
6392,15747030.42
6393,204805706.756
6394,278613711.736
6395,3432500.0
6396,5693290.332
6397,20245799.212
6398,41001271.24
6399,3328768.552
6400,17626713.0
6401,2260969.84
6402,34091124.572
6403,5533497.956
6404,20963718.432
6405,13857337.66
6406,14790542.304
6407,11403498.952
6408,25451618.052
6409,40347691.748
6410,9575577.052
6411,3940042.324
6412,2382967.624
6413,35094034.708
6414,395324715.304
6415,8080131.528
6416,3380111.008
6417,65999849.928
6418,22002549.22
6419,18536656.54
6420,38638109.904
6421,32372979.096
6422,606088.412
6423,15103332.232
6424,92030440.336
6425,41122522.156
6426,17723234.756
6427,2830291.756
6428,4380942.388
6429,8709303.46
6430,84432737.168
6431,149728459.692
6432,115470516.072
6433,22278887.28
6434,4951860.136
6435,38372779.36
6436,20873273.552
6437,22682795.272
6438,16903434.984
6439,17455970.184
6440,68189065.496
6441,16000880.916
6442,5323950.848
6443,30128420.036
6444,2759431.136
6445,517083170.872
6446,207538939.076
6447,27618749.872
6448,4899428.036
6449,29910689.288
6450,13911456.364
6451,6241942.308
6452,59847618.928
6453,44226764.392
6454,11051825.376
6455,15914021.628
6456,14892197.008
6457,108089190.948
6458,11105983.664
6459,39530874.428
6460,128969882.944
6461,109316952.372
6462,170579965.776
6463,2305733.312
6464,18663777.068
6465,44653826.404
6466,14110826.084
6467,13011952.928
6468,2982889.848
6469,12129028.804
6470,983863.88
6471,2358241.08
6472,2352405.056
6473,11580306.48
6474,14306222.016
6475,18707025.904
6476,225265826.672
6477,34488358.288
6478,10769620.96
6479,287381712.192
6480,28382033.432
6481,139126984.936
6482,5139029.636
6483,326037242.752
6484,238447094.852
6485,59122277.348
6486,1195959.224
6487,75686281.324
6488,26428981.74
6489,11849871.384
6490,8588575.268
6491,5709495.816
6492,18334926.744
6493,29847148.176
6494,230405959.5
6495,20050978.128
6496,624943803.344
6497,257201531.404
6498,49579600.148
6499,17848432.892
6500,11330263.688
6501,16688012.196
6502,92930080.668
6503,20618531.804
6504,13838768.568
6505,9304845.444
6506,16700976.772
6507,12459500.62
6508,59058406.184
6509,9368396.14
6510,4092359.128
6511,13792565.124
6512,327970218.996
6513,21971161.708
6514,12356946.148
6515,420005441.088
6516,34335055.176
6517,4625630.06
6518,77297700.772
6519,40661393.432
6520,9396149.136
6521,583385036.392
6522,47900280.992
6523,48784783.584
6524,17379992.676
6525,64122606.528
6526,273900286.348
6527,2078264.664
6528,4286996.724
6529,42438356.772
6530,146734572.676
6531,13558204.832
6532,28455655.616
6533,6235416.428
6534,418663699.78
6535,2995113.132
6536,24480796.632
6537,99862616.008
6538,19222747.372
6539,356636780.228
6540,51608391.572
6541,119729282.188
6542,42145773.676
6543,386339.364
6544,39160917.332
6545,4158769.728
6546,417435750.18
6547,4775415.0
6548,38711408.024
6549,44785717.54
6550,10104018.74
6551,41694201.252
6552,12518076.78
6553,4068044.924
6554,14619737.068
6555,96087814.308
6556,25499814.664
6557,29893566.8
6558,125997316.34
6559,57682717.94
6560,325453754.732
6561,5087238.016
6562,88393151.74
6563,25950488.188
6564,12251922.76
6565,10645195.316
6566,23480098.504
6567,24317085.708
6568,11409800.328
6569,3744475.736
6570,42221335.876
6571,4726678.456
6572,1821738.448
6573,42608699.648
6574,13691797.852
6575,6657594.104
6576,28193392.192
6577,4459231.088
6578,62132385.112
6579,13837231.844
6580,3006896.444
6581,22723375.292
6582,1243616.78
6583,8126027.888
6584,3013614.748
6585,33466530.944
6586,45883635.608
6587,63617421.216
6588,11620123.908
6589,34748847.348
6590,182116508.356
6591,15948602.62
6592,163212401.816
6593,75749255.876
6594,96536907.804
6595,2517312.828
6596,232348687.544
6597,9730924.72
6598,13502107.872
6599,14818741.58
6600,61769001.384
6601,63145196.352
6602,491811732.072
6603,44922245.636
6604,15164090.38
6605,93592376.256
6606,2870978.876
6607,76200260.94
6608,1838178.548
6609,3426168.424
6610,367012074.748
6611,14659740.888
6612,558435297.252
6613,62969761.852
6614,430979547.488
6615,9188705.444
6616,117870799.684
6617,35709795.864
6618,33053466.92
6619,25122675.7
6620,7742330.7
6621,47845251.588
6622,121137660.576
6623,178266555.452
6624,196132223.404
6625,83915237.244
6626,104184585.672
6627,65324833.104
6628,1344120.796
6629,5112791.368
6630,17714687.716
6631,6223502.744
6632,11847830.74
6633,8314910.48
6634,14056333.816
6635,8125063.204
6636,122425035.356
6637,21783647.512
6638,1965010.924
6639,5848369.652
6640,28162150.692
6641,304826553.332
6642,228247059.048
6643,6774722.06
6644,136103191.128
6645,72054083.304
6646,46850828.66
6647,14715205.012
6648,35830318.188
6649,24464220.288
6650,15365339.812
6651,5858051.012
6652,2852934.836
6653,24675493.092
6654,152622242.26
6655,23916726.472
6656,16986416.408
6657,56755827.46
6658,3770689.968
6659,7951989.344
6660,11159955.376
6661,12807679.092
6662,35236627.188
6663,556188256.248
6664,7959969.832
6665,5481890.5
6666,6416720.908
6667,118236063.072
6668,13804374.696
6669,49521275.892
6670,5271430.196
6671,14168474.488
6672,191353011.156
6673,65851984.588
6674,301032501.86
6675,116062744.544
6676,17520460.14
6677,3267476.14
6678,13273659.888
6679,624036840.924
6680,29566100.532
6681,854694599.968
6682,36473295.384
6683,92413971.12
6684,413425.984
6685,17004659.064
6686,108252359.824
6687,46416599.092
6688,18944373.584
6689,76821079.728
6690,272315267.376
6691,11466183.3
6692,862064113.764
6693,30826926.968
6694,26861183.9
6695,53218298.708
6696,142040868.396
6697,11470785.492
6698,27085279.752
6699,501846024.868
6700,216342793.828
6701,40242913.368
6702,26646614.228
6703,12381782.664
6704,7360210.44
6705,19519886.748
6706,7408160.364
6707,28797415.724
6708,13091194.356
6709,4848420.084
6710,107955364.928
6711,29818118.392
6712,108325316.112
6713,13002458.408
6714,3273899.0
6715,22916744.008
6716,27496873.284
6717,353608433.84
6718,18128396.472
6719,9536318.064
6720,3450146.152
6721,48165565.072
6722,7012513.172
6723,139266216.98
6724,20692046.996
6725,8392489.708
6726,66011180.308
6727,21821326.872
6728,12321770.176
6729,17088406.04
6730,27336814.536
6731,7601460.456
6732,6735640.82
6733,244325927.572
6734,4727212.332
6735,134790400.112
6736,12121805.072
6737,17410863.784
6738,7536501.692
6739,32208575.116
6740,2048484.412
6741,4787316.376
6742,63059054.46
6743,63243503.336
6744,10304653.932
6745,9392714.496
6746,42863878.864
6747,27304136.02
6748,2904989.176
6749,2706526.424
6750,6422015.284
6751,4390948.024
6752,156823055.64
6753,19789914.048
6754,51530228.332
6755,18575668.496
6756,188313514.86
6757,46174420.2
6758,7482127.652
6759,116975711.904
6760,28928177.168
6761,20482928.716
6762,3345511.336
6763,43828161.908
6764,5699185.772
6765,281530339.028
6766,1810308.476
6767,5293879.232
6768,156175734.876
6769,12023225.608
6770,7765231.584
6771,31505068.816
6772,17975633.984
6773,20454098.416
6774,195821411.888
6775,443213623.44
6776,2852839.624
6777,33415462.54
6778,23167258.884
6779,46967520.804
6780,53655128.84
6781,15752295.776
6782,131209525.652
6783,26115307.352
6784,13586849.124
6785,36551441.512
6786,2055505.996
6787,24624241.756
6788,12216340.152
6789,3985967.296
6790,16061703.252
6791,24786085.216
6792,411720227.432
6793,54955621.06
6794,14797813.404
6795,13526324.972
6796,610184631.18
6797,70249723.924
6798,26242927.22
6799,10034368.056
6800,97532519.396
6801,461476925.612
6802,37807320.516
6803,245795305.872
6804,16965224.856
6805,30191663.44
6806,6888791.52
6807,31578822.38
6808,111634094.448
6809,13140454.232
6810,10486639.768
6811,47154407.068
6812,23074827.08
6813,136251229.032
6814,4661787.172
6815,14664499.756
6816,126187161.052
6817,628903.204
6818,4510475.844
6819,60757032.172
6820,52569535.408
6821,13015428.012
6822,19174264.812
6823,49367697.492
6824,234464517.732
6825,51889915.204
6826,16204008.036
6827,13542841.86
6828,3742605.804
6829,177325323.408
6830,36454243.592
6831,21333811.068
6832,18567185.98
6833,7014124.832
6834,12034200.532
6835,130704972.784
6836,1354450.06
6837,159564103.444
6838,15293303.344
6839,10804212.952
6840,14784255.116
6841,21832604.248
6842,3462278.168
6843,6060031.996
6844,145851583.58
6845,31971212.236
6846,42185650.168
6847,2810791.472
6848,12199818.096
6849,3689724.864
6850,99896290.096
6851,243658229.976
6852,22370647.292
6853,25060955.652
6854,12818862.556
6855,24338547.272
6856,2921304.86
6857,24030913.036
6858,3800444.116
6859,33977746.88
6860,9886978.412
6861,27786656.172
6862,19362660.392
6863,245718378.056
6864,11987261.088
6865,4531537.724
6866,94723188.792
6867,26301737.272
6868,802888231.792
6869,22342468.144
6870,4155890.376
6871,58211382.192
6872,3030821.1
6873,25702144.836
6874,47474574.636
6875,11252039.164
6876,30430916.772
6877,20468800.98
6878,120167553.408
6879,49109576.184
6880,2204495.34
6881,8651897.936
6882,228281542.608
6883,38669741.264
6884,110283180.108
6885,12780344.96
6886,2140450.044
6887,15702695.108
6888,62646155.508
6889,2922244.724
6890,44894207.22
6891,28811030.54
6892,176180585.824
6893,178804170.436
6894,18783518.704
6895,12841210.716
6896,4875299.956
6897,9020642.272
6898,13731870.476
6899,21559041.596
6900,23077038.224
6901,30856309.644
6902,4668925.188
6903,27101223.4
6904,143884447.4
6905,16462611.684
6906,309513339.84
6907,14834306.248
6908,9296945.624
6909,15602099.68
6910,7587946.968
6911,9832478.34
6912,17830165.84
6913,618694483.0
6914,180368584.544
6915,24047716.172
6916,9525396.384
6917,747191902.076
6918,69130929.248
6919,8276243.428
6920,154192304.008
6921,468861950.048
6922,14761165.636
6923,26897225.284
6924,15215300.116
6925,13971519.924
6926,11987557.436
6927,1644602.704
6928,17275364.228
6929,76754554.66
6930,206391562.936
6931,3085285.356
6932,8366764.788
6933,15972657.992
6934,97314275.328
6935,13911842.02
6936,2828933.528
6937,338337682.648
6938,9659032.084
6939,38138890.292
6940,134149200.436
6941,50788971.328
6942,19617720.964
6943,19874391.848
6944,237073782.516
6945,45411472.872
6946,41632797.404
6947,6818868.36
6948,19736017.344
6949,82881235.252
6950,417473516.704
6951,4133458.372
6952,8731982.852
6953,29041355.316
6954,14799570.94
6955,35745638.324
6956,6802431.6
6957,15182465.78
6958,2303626.152
6959,3519145.124
6960,13491228.468
6961,19185112.256
6962,211566831.216
6963,11902508.344
6964,22500835.688
6965,7297915.436
6966,63064423.108
6967,230535283.816
6968,8889647.744
6969,1842168.688
6970,15612645.692
6971,98316254.26
6972,2614200.848
6973,28106175.528
6974,30609927.804
6975,36736372.828
6976,21561115.428
6977,66966994.968
6978,21726909.508
6979,62811089.128
6980,15777226.048
6981,10126171.752
6982,100377471.012
6983,14760497.44
6984,109650332.492
6985,325947045.448
6986,17024096.472
6987,2941410.116
6988,20738404.692
6989,14662241.988
6990,675550319.98
6991,16632906.764
6992,7207102.192
6993,2825731.612
6994,2541271.796
6995,36452147.136
6996,63814240.072
6997,1787463.156
6998,12729941.168
6999,128569415.096
7000,5472086.22
7001,4402930.788
7002,13716045.4
7003,18666764.436
7004,105006873.616
7005,22615422.884
7006,2470024.732
7007,24611980.684
7008,78864904.86
7009,12164385.924
7010,9476224.704
7011,165956495.184
7012,6335180.532
7013,4203596.228
7014,3305145.64
7015,228691523.764
7016,411973401.028
7017,16765432.992
7018,10624104.908
7019,65960877.252
7020,42952097.512
7021,53454530.412
7022,33788479.156
7023,25021670.908
7024,13679241.752
7025,3396284.688
7026,200528788.904
7027,109652727.096
7028,12515795.416
7029,37056581.696
7030,50882222.384
7031,44642705.076
7032,16314059.548
7033,9695619.2
7034,9322291.496
7035,28082158.272
7036,10960559.352
7037,87354604.132
7038,9912076.956
7039,75810615.164
7040,14928101.436
7041,25470943.932
7042,21923296.88
7043,1652745.476
7044,26386612.796
7045,15635832.5
7046,68217599.056
7047,271085105.828
7048,13554156.92
7049,14140079.36
7050,1683826.784
7051,14592664.744
7052,29645904.116
7053,7954834.924
7054,27346133.968
7055,144302264.468
7056,249093967.172
7057,9050354.38
7058,16136125.74
7059,9677702.664
7060,19436251.048
7061,14230882.688
7062,37895433.716
7063,4075340.128
7064,148356698.136
7065,13418142.792
7066,55304309.928
7067,8536074.512
7068,22673512.096
7069,22984181.416
7070,265375995.032
7071,179553677.384
7072,3615396.384
7073,54845444.172
7074,11574398.456
7075,21900546.692
7076,118037269.064
7077,33303738.028
7078,67948839.716
7079,6305618.356
7080,8973203.84
7081,11267512.204
7082,6028320.4
7083,7761418.812
7084,32330202.5
7085,8060068.428
7086,15425455.088
7087,207960095.612
7088,86473079.248
7089,4201102.6
7090,12290262.94
7091,11148591.208
7092,388293508.048
7093,52071853.572
7094,21829612.06
7095,13015292.672
7096,42673571.992
7097,69803498.696
7098,33516965.24
7099,74797299.144
7100,6763140.636
7101,69137896.236
7102,8272778.928
7103,6819855.6
7104,6916270.616
7105,89207531.424
7106,19809963.676
7107,51263355.172
7108,2976154.32
7109,28289930.056
7110,6401563.232
7111,22705643.124
7112,180796317.04
7113,115005409.02
7114,20104125.288
7115,36849485.272
7116,30201499.88
7117,13362826.264
7118,11221275.26
7119,48039772.676
7120,2708688.62
7121,14602015.012
7122,3467646.28
7123,10644564.404
7124,506014802.292
7125,119841525.544
7126,412532792.888
7127,58703638.224
7128,5082070.808
7129,7811609.164
7130,6930037.188
7131,19821229.76
7132,78198299.112
7133,191649545.352
7134,43189193.688
7135,119128056.296
7136,18576285.628
7137,6434186.372
7138,12233751.476
7139,2834634.16
7140,299543353.304
7141,9527206.14
7142,16926335.008
7143,83972747.58
7144,4572724.664
7145,50653160.096
7146,5182965.472
7147,36158427.928
7148,12899578.296
7149,59512842.568
7150,7831363.144
7151,13229101.132
7152,79992890.384
7153,15971445.644
7154,20093488.456
7155,338958686.232
7156,6214378.292
7157,41059104.932
7158,6254402.712
7159,7245701.616
7160,2580127.676
7161,21360212.032
7162,405191227.692
7163,26248995.924
7164,848411.88
7165,211414080.488
7166,14639588.988
7167,3040615.832
7168,6989766.736
7169,19225897.556
7170,37145470.176
7171,22258251.856
7172,17426682.036
7173,31066432.924
7174,3920646.864
7175,2702404.692
7176,12635588.032
7177,89035584.216
7178,37577057.54
7179,118082384.296
7180,5471562.516
7181,11920730.376
7182,69838789.836
7183,6593093.128
7184,1136155107.54
7185,17686537.14
7186,12163792.58
7187,38611359.624
7188,69473674.448
7189,14503204.964
7190,5587334.296
7191,2090866.844
7192,29183673.136
7193,35678294.448
7194,182018416.424
7195,5222811.024
7196,47918523.0
7197,7320630.9
7198,23731408.068
7199,34018985.448
7200,113561237.252
7201,15930289.176
7202,20596893.344
7203,2658217.592
7204,36563347.892
7205,395422202.984
7206,91022528.764
7207,379829216.2
7208,13929278.104
7209,19235050.656
7210,1956641.316
7211,5853704.0
7212,36237376.28
7213,35671371.356
7214,265480910.692
7215,186252766.352
7216,243185462.312
7217,9635437.42
7218,50856741.32
7219,35172806.328
7220,25976473.756
7221,7485984.412
7222,149370968.864
7223,19143825.412
7224,11960904.604
7225,3112807.08
7226,50047167.708
7227,42904493.408
7228,33496757.772
7229,31200055.648
7230,10380045.936
7231,11634067.636
7232,697737555.38
7233,252984499.576
7234,226492268.144
7235,10771796.284
7236,59445512.192
7237,8467491.204
7238,16263195.228
7239,769103435.836
7240,38890950.28
7241,140105502.792
7242,185744953.084
7243,9526364.66
7244,31883089.752
7245,4465993.88
7246,5409945.16
7247,67372287.984
7248,31340677.496
7249,9348961.444
7250,11587988.864
7251,21870878.224
7252,12102340.148
7253,9980735.1
7254,86851618.04
7255,4930876.596
7256,42872526.896
7257,14094122.068
7258,35552908.336
7259,7059076.208
7260,6519461.196
7261,617994845.92
7262,601951.424
7263,31609381.78
7264,10206663.908
7265,9098073.828
7266,18213796.964
7267,4347459.208
7268,3097851.808
7269,126067671.416
7270,291474772.156
7271,9239676.724
7272,34319919.876
7273,10713020.056
7274,9771953.752
7275,21261349.3
7276,9824028.98
7277,108465478.444
7278,305920592.632
7279,215516944.016
7280,97361532.836
7281,14150527.804
7282,126285625.42
7283,213538199.008
7284,17294746.736
7285,114874969.708
7286,136924416.292
7287,14395136.42
7288,20525905.956
7289,125886608.836
7290,32226112.336
7291,38598427.252
7292,4280083.508
7293,26541965.824
7294,10289582.124
7295,54537099.556
7296,9895672.148
7297,40407171.608
7298,14028829.708
7299,6693873.156
7300,11608507.644
7301,42277609.92
7302,1426939.904
7303,1453517.416
7304,13620808.112
7305,8337741.464
7306,642375247.132
7307,1829856.092
7308,30811590.04
7309,23466984.992
7310,133873279.6
7311,9296985.772
7312,154053101.812
7313,332657335.616
7314,15161260.08
7315,3890267.176
7316,18633701.124
7317,10943162.152
7318,92692694.68
7319,7897305.48
7320,190221654.62
7321,5307252.44
7322,8040077.36
7323,32861400.236
7324,12215917.816
7325,391959308.88
7326,218140853.588
7327,12202026.828
7328,24819180.776
7329,104411965.848
7330,285167474.66
7331,118476029.536
7332,23676423.412
7333,126919287.032
7334,31261154.536
7335,49244120.152
7336,46746920.928
7337,23937705.02
7338,61037477.068
7339,67955897.864
7340,13126663.472
7341,5421642.528
7342,86663599.672
7343,9048029.04
7344,5234270.864
7345,15398718.052
7346,8633993.696
7347,18015449.344
7348,20839125.624
7349,125824577.524
7350,7074758.252
7351,28274423.024
7352,1647979.624
7353,15673769.212
7354,1670192.52
7355,19654242.704
7356,33822028.448
7357,10478853.612
7358,10455559.236
7359,87310754.68
7360,17346760.512
7361,2387328.38
7362,185705836.076
7363,578984826.096
7364,4745934.164
7365,41391988.46
7366,36362074.396
7367,63065806.032
7368,43254472.744
7369,27107039.044
7370,93501161.432
7371,2239970.072
7372,96756451.64
7373,446293819.9
7374,13874774.628
7375,76446437.284
7376,2158091.964
7377,16136096.668
7378,88066674.58
7379,37905897.172
7380,43085636.56
7381,8395842.188
7382,34020185.548
7383,1780738.228
7384,17466862.396
7385,29336168.488
7386,18450674.104
7387,88655241.6
7388,11103856.128
7389,3125714.696
7390,30223594.996
7391,5431712.516
7392,10007448.168
7393,544031861.772
7394,44563056.568
7395,11891718.832
7396,28658833.276
7397,21976006.46
7398,17198429.076
